{
    "step": 0,
    "loss": 0.7816446423530579,
    "accuracy": 0.7645424008369446,
    "val_loss": 0.7661158442497253,
    "val_accuracy": 0.7566356062889099
}