{
    "step": 8,
    "loss": 0.3717226982116699,
    "accuracy": 0.8803191184997559,
    "wce": 0.37357887625694275,
    "bce": 0.18678943812847137,
    "val_loss": 0.9040994644165039,
    "val_accuracy": 0.7304477691650391,
    "val_wce": 0.34324580430984497,
    "val_bce": 0.17162290215492249
}