{"BalancedCrossEntropy":0.3712086678,"WeightedCrossEntropy":0.3817568421,"accuracy":0.9193353057,"loss":0.2372990251,"mIoU":0.53,"step":24.0,"time":1242.6,"val_BalancedCrossEntropy":0.3704762161,"val_WeightedCrossEntropy":0.3855901361,"val_accuracy":0.8207811713,"val_loss":0.7250770926,"dice":0.63}