{"BalancedCrossEntropy":0.9114899635,"WeightedCrossEntropy":0.3808414936,"accuracy":0.8888064027,"loss":0.3437298238,"mIoU":0.49,"step":11.0,"time":607.39,"val_BalancedCrossEntropy":0.9011721015,"val_WeightedCrossEntropy":0.384051621,"val_accuracy":0.7732263207,"val_loss":0.7155129313,"dice":0.59}