{
    "step": 0,
    "loss": 0.7892853617668152,
    "accuracy": 0.7623304724693298,
    "wce": 0.4161642789840698,
    "bce": 0.2080821394920349,
    "val_loss": 0.8291787505149841,
    "val_accuracy": 0.7473760843276978,
    "val_wce": 0.34312212467193604,
    "val_bce": 0.17156106233596802
}