{"step":2.0,"loss":0.6407209635,"accuracy":0.7941673398,"WeightedCrossEntropy":0.3701820672,"BalancedCrossEntropy":0.9243088961,"val_loss":2.2222573757,"val_accuracy":0.4232655764,"val_WeightedCrossEntropy":0.3995258212,"val_BalancedCrossEntropy":0.8755345345,"time":63.74}