{
    "step": 0,
    "loss": 0.7867233753204346,
    "accuracy": 0.76085364818573,
    "val_loss": 0.9784619808197021,
    "val_accuracy": 0.6955029964447021
}