{"BalancedCrossEntropy":2.6494550705,"WeightedCrossEntropy":1.4458591938,"accuracy":0.9335021377,"loss":0.1815459728,"mIoU":0.55,"step":24.0,"time":2014.52,"val_BalancedCrossEntropy":2.6584033966,"val_WeightedCrossEntropy":1.5146102905,"val_accuracy":0.8558728695,"val_loss":0.5510709286,"dice":0.64}