{"step":2.0,"loss":0.4849754274,"accuracy":0.8387730122,"WeightedCrossEntropy":1.319909215,"BalancedCrossEntropy":2.8645484447,"val_loss":1.4775116444,"val_accuracy":0.5513489246,"val_WeightedCrossEntropy":0.8173915148,"val_BalancedCrossEntropy":1.8831865788,"time":119.01}