{"BalancedCrossEntropy":6.2471756935,"WeightedCrossEntropy":4.7290120125,"accuracy":0.9102724791,"loss":0.2544803321,"mIoU":0.57,"step":11.0,"time":935.78,"val_BalancedCrossEntropy":5.8844385147,"val_WeightedCrossEntropy":4.4993143082,"val_accuracy":0.8640958667,"val_loss":0.4504040182,"dice":0.67}