{
    "step": 0,
    "loss": 0.5610500574111938,
    "accuracy": 0.8194406628608704,
    "wce": 1.375652551651001,
    "bce": 1.294631004333496,
    "val_loss": 1.2371504306793213,
    "val_accuracy": 0.625517725944519,
    "val_wce": 0.6841920614242554,
    "val_bce": 0.9185093641281128
}