{
    "step": 11,
    "loss": 0.2528964579105377,
    "accuracy": 0.910490095615387,
    "val_loss": 0.6876015067100525,
    "val_accuracy": 0.8185828924179077
}