{
    "step": 0,
    "loss": 0.5533782839775085,
    "accuracy": 0.821323573589325,
    "val_loss": 2.3724234104156494,
    "val_accuracy": 0.5614360570907593
}