{
    "step": 8,
    "loss": 0.2916810214519501,
    "accuracy": 0.8990731239318848,
    "wce": 4.441777229309082,
    "bce": 3.566514492034912,
    "val_loss": 0.499450147151947,
    "val_accuracy": 0.8327855467796326,
    "val_wce": 3.9691162109375,
    "val_bce": 3.323850631713867
}