{
    "step": 2,
    "loss": 0.396072655916214,
    "accuracy": 0.8704814314842224,
    "val_loss": 0.6501893401145935,
    "val_accuracy": 0.8046188950538635
}